iter	MAE
0	0.3231051321
1	0.2183266541
2	0.1653045834
3	0.1409071729
4	0.1270205055
5	0.1202001595
6	0.1157485325
7	0.1136821452
8	0.1122916092
9	0.1114178254
10	0.1103835784
11	0.1098949685
12	0.1094123426
13	0.1091977644
14	0.1091306562
15	0.1090324701
16	0.1088262027
17	0.1085459012
18	0.108270533
19	0.1079823043
20	0.1075314975
21	0.1074310989
22	0.1071571564
23	0.1066877001
24	0.1064579309
25	0.1059134224
26	0.1053825222
27	0.1047044727
28	0.1044285453
29	0.1041262273
30	0.1037779533
31	0.1036087389
32	0.1032879962
33	0.1031063743
34	0.1030433842
35	0.102677539
36	0.1025915898
37	0.1023790894
38	0.1022843001
39	0.1019599202
40	0.1017871056
41	0.1017435952
42	0.1015842181
43	0.1013040314
44	0.1011831968
45	0.1009010799
46	0.1008161753
47	0.1007106584
48	0.1005937983
49	0.1004317761
50	0.1002894341
51	0.1001735941
52	0.100097054
53	0.0999994416
54	0.09985198181
55	0.09970472053
56	0.09962937311
57	0.09950257662
58	0.09938318751
59	0.09925901919
60	0.09912553823
61	0.09894252873
62	0.098901552
63	0.09880622217
64	0.09873765959
65	0.09853224633
66	0.098371832
67	0.09823444266
68	0.09818658219
69	0.09815464523
70	0.09797746845
71	0.09789782774
72	0.09777244223
73	0.09767945676
74	0.09756769957
75	0.09749184148
76	0.09745031985
77	0.09730474881
78	0.09717467275
79	0.09713267677
80	0.09705132141
81	0.09699938382
82	0.09688991164
83	0.09671975599
84	0.09657141332
85	0.09629394558
86	0.09613417728
87	0.09611717227
88	0.09604970521
89	0.09601958443
90	0.09597986158
91	0.09592222377
92	0.09589165931
93	0.0958348178
94	0.09563783093
95	0.09552725654
96	0.09548427757
97	0.09540714997
98	0.09527343837
99	0.09526016356
100	0.09519562577
101	0.09516827272
102	0.095109043
103	0.09503011903
104	0.09492728017
105	0.09481364214
106	0.09472572167
107	0.09467029825
108	0.09455944326
109	0.09448646258
110	0.09439507025
111	0.09423662596
112	0.09410988518
113	0.09403450311
114	0.09400684869
115	0.09395530836
116	0.09392018133
117	0.09384123878
118	0.09380832041
119	0.09378237465
120	0.09371708858
121	0.09362009567
122	0.0935603659
123	0.09349529408
124	0.09347748982
125	0.09346624593
126	0.09338215961
127	0.09336853352
128	0.09330038682
129	0.09325847053
130	0.09323755476
131	0.09318376719
132	0.09313458745
133	0.09310831335
134	0.09303946025
135	0.09300052845
136	0.09289522081
137	0.09283184249
138	0.09275713001
139	0.09270513567
140	0.09269018853
141	0.09265954764
142	0.09258092883
143	0.09255622896
144	0.09250822162
145	0.09239167617
146	0.09232641714
147	0.09224673527
148	0.09221077977
149	0.09217126851
150	0.09213947459
151	0.0921168946
152	0.09208650974
153	0.09199437837
154	0.0918787746
155	0.09180130722
156	0.0917988234
157	0.09178033921
158	0.09166335152
159	0.09163091854
160	0.0915942471
161	0.0915748939
162	0.09150846187
163	0.0914199289
164	0.09132443334
165	0.09129828954
166	0.09128195098
167	0.09119059724
168	0.09115060153
169	0.09112648505
170	0.09105774037
171	0.09097680239
172	0.09093362429
173	0.09089002204
174	0.09086493734
175	0.09079892985
176	0.09079131845
177	0.0907396019
178	0.09064586043
179	0.09063507834
180	0.09054628609
181	0.09049217818
182	0.09046009334
183	0.09043517468
184	0.09032951098
185	0.09031851429
186	0.09030363205
187	0.09028361582
188	0.09026989398
189	0.09014619677
190	0.09013096926
191	0.09010126084
192	0.09005746737
193	0.0899056312
194	0.08986049696
195	0.08983338377
196	0.08978013233
197	0.08971803549
198	0.08969369307
199	0.08965355738
200	0.08963193187
201	0.08961553348
202	0.089578005
203	0.08950710828
204	0.08945633421
205	0.08940161281
206	0.08937081407
207	0.08932179854
208	0.08925729641
209	0.08919459566
210	0.08918397552
211	0.08917688838
212	0.08916216693
213	0.08913927067
214	0.08908277355
215	0.08904972507
216	0.08898906792
217	0.0889241186
218	0.08892117866
219	0.08888222412
220	0.08881469697
221	0.088808963
222	0.08874952468
223	0.08872400434
224	0.08867848561
225	0.08864696124
226	0.08863470745
227	0.08862564724
228	0.08862169972
229	0.08860310848
230	0.08856986233
231	0.08854136825
232	0.08850151377
233	0.08848380483
234	0.08847290259
235	0.08843876032
236	0.08843247223
237	0.08838267502
238	0.0883240749
239	0.08831505017
240	0.08831066738
241	0.08829138428
242	0.0882632688
243	0.08818666221
244	0.08815454636
245	0.08807116211
246	0.08797721884
247	0.0879211118
248	0.08790502565
249	0.08789070363
250	0.08787149756
251	0.08786781193
252	0.08783195412
253	0.0878256415
254	0.08779999058
255	0.08778726176
256	0.0877837599
257	0.08768425275
258	0.08761636887
259	0.0876119939
260	0.08757756638
261	0.08756644158
262	0.0875002174
263	0.08747779819
264	0.08746107576
265	0.08740265026
266	0.08739341274
267	0.08734304325
268	0.08729791334
269	0.08728340851
270	0.0872466437
271	0.08723525278
272	0.08720930011
273	0.08714920638
274	0.0871277363
275	0.08706131771
276	0.08689679238
277	0.08688205462
278	0.08687557028
279	0.08683662734
280	0.08682403288
281	0.08676041836
282	0.08673306034
283	0.08666137643
284	0.08663464509
285	0.08659927809
286	0.0865353729
287	0.08649209199
288	0.08647201664
289	0.08646763513
290	0.08643231124
291	0.08642799746
292	0.08641037117
293	0.08640645459
294	0.08639339674
295	0.08636124753
296	0.08635030356
297	0.08632723186
298	0.08630741892
299	0.08629808176
300	0.08629554002
301	0.08628854597
302	0.08627253703
303	0.08624511046
304	0.08623716619
305	0.08617175342
306	0.086129679
307	0.08610456817
308	0.08606908112
309	0.08606546836
310	0.0860440722
311	0.0859912818
312	0.08597437144
313	0.08595861848
314	0.08593644519
315	0.08591038153
316	0.08585349246
317	0.08584255251
318	0.08577451316
319	0.08575516318
320	0.08572500898
321	0.08566400732
322	0.08560162278
323	0.08549432103
324	0.08547285729
325	0.08545877504
326	0.08536593143
327	0.08528266624
328	0.0852039976
329	0.08519590166
330	0.08519160415
331	0.08518242153
332	0.08516658321
333	0.08516465718
334	0.08515488997
335	0.08510793699
336	0.08504553833
337	0.08499124024
338	0.08487505536
339	0.0848436825
340	0.08479808799
341	0.08478374364
342	0.08472716587
343	0.0847233746
344	0.08470434215
345	0.08469698197
346	0.08459965299
347	0.08458913306
348	0.08456723262
349	0.08456111817
350	0.08450902086
351	0.08448947143
352	0.08447261653
353	0.08445228132
354	0.08445161235
355	0.08444290434
356	0.08441637812
357	0.08441331577
358	0.08438626989
359	0.08432584661
360	0.08430916385
361	0.08427301883
362	0.0842587638
363	0.08424901989
364	0.08424563486
365	0.08421000458
366	0.08420622911
367	0.08417802627
368	0.08415953464
369	0.08411554771
370	0.08409868697
371	0.08408159726
372	0.08407929155
373	0.08407447724
374	0.08403552902
375	0.08394923431
376	0.08394861486
377	0.08392236664
378	0.08384439145
379	0.08383131966
380	0.08382728526
381	0.08381032873
382	0.08375472357
383	0.0837290415
384	0.08369520034
385	0.08367006215
386	0.08366419401
387	0.0836261436
388	0.08355515978
389	0.08354500525
390	0.08352238112
391	0.08352095155
392	0.08346108392
393	0.08343134288
394	0.08340103561
395	0.08338031531
396	0.08333640498
397	0.08332970174
398	0.08331857549
399	0.08331689296
400	0.08328266905
401	0.08326825421
402	0.08323766484
403	0.08322546537
404	0.08322251789
405	0.08321393043
406	0.08320597157
407	0.083204263
408	0.08318373932
409	0.08314112813
410	0.0830756579
411	0.08302835978
412	0.08299866367
413	0.08298420477
414	0.08296207083
415	0.08295611794
416	0.08292498005
417	0.08292347614
418	0.0829022047
419	0.08289278184
420	0.08285046036
421	0.08284154547
422	0.08278447905
423	0.08277458148
424	0.0827552993
425	0.08275142646
426	0.08274225949
427	0.08274131125
428	0.08274063942
429	0.08269889095
430	0.08267667927
431	0.0826670764
432	0.08265877307
433	0.08265491854
434	0.0826538045
435	0.08264491404
436	0.08264086863
437	0.08264021603
438	0.0826386643
439	0.08259056848
440	0.08255381803
441	0.08254718513
442	0.08253929318
443	0.08253088228
444	0.08252944994
445	0.08248962638
446	0.0824892566
447	0.082487687
448	0.08247890216
449	0.08246094331
450	0.08245988812
451	0.08245576358
452	0.08241476108
453	0.08238549269
454	0.08237665591
455	0.08235266058
456	0.08229546548
457	0.08228321376
458	0.08226336023
459	0.08226122683
460	0.08223378984
461	0.08223345144
462	0.08223069427
463	0.08223021215
464	0.08219566585
465	0.08215961804
466	0.08215868604
467	0.08215430628
468	0.08212265625
469	0.0821124462
470	0.08211152735
471	0.08210992309
472	0.0821034715
473	0.08208055214
474	0.08207584865
475	0.08204648381
476	0.08197155377
477	0.08189283458
478	0.08188541448
479	0.0818671887
480	0.08186339039
481	0.08186231543
482	0.0818607403
483	0.08185244692
484	0.08183266064
485	0.08182514932
486	0.08181669741
487	0.08179300805
488	0.08177773565
489	0.08177673297
490	0.0817639862
491	0.08173574396
492	0.08171705888
493	0.0817142476
494	0.08169358599
495	0.08164199994
496	0.08164131748
497	0.0816300483
498	0.08162741503
499	0.08161688473
500	0.08161627994
501	0.08161270525
502	0.08160167869
503	0.08158296944
504	0.08156980199
505	0.08156861776
506	0.08156078032
507	0.08152667036
508	0.08151778089
509	0.0815120683
510	0.08146024809
511	0.08145679015
512	0.08145138233
513	0.081445518
514	0.08141441429
515	0.08137024556
516	0.08132264557
517	0.08131753499
518	0.0812922869
519	0.08128615096
520	0.08125805048
521	0.08122788585
522	0.08122700416
523	0.08122308121
524	0.08120937622
525	0.08119244965
526	0.08113829367
527	0.08113728571
528	0.08113065866
529	0.08111178639
530	0.08106128527
531	0.08105124623
532	0.08104644513
533	0.08103249889
534	0.08102823125
535	0.0810246174
536	0.08099843744
537	0.08099236567
538	0.08094622324
539	0.08094197113
540	0.08093892236
541	0.08093860708
542	0.08093060357
543	0.08092604731
544	0.08092368185
545	0.0809182518
546	0.08091302944
547	0.08089488316
548	0.08087859093
549	0.08085642921
550	0.0808449468
551	0.08084463021
552	0.08084061757
553	0.08082462213
554	0.0808219104
555	0.08081856698
556	0.08081757166
557	0.08080160405
558	0.08079134664
559	0.08079010445
560	0.08077723561
561	0.08076398088
562	0.08076354805
563	0.08074741686
564	0.08074486189
565	0.08073608095
566	0.08073412044
567	0.08072705913
568	0.08072621319
569	0.08070926802
570	0.08069096207
571	0.08067970329
572	0.08067201203
573	0.08066580381
574	0.08066459511
575	0.08065665163
576	0.08064761817
577	0.08060013458
578	0.08055732531
579	0.08055149999
580	0.08051060161
581	0.08050113597
582	0.0804975467
583	0.08047480343
584	0.08047282653
585	0.08046310907
586	0.080442476
587	0.08043708179
588	0.08042926969
589	0.08041921924
590	0.0804190196
591	0.08036063604
592	0.08035461157
593	0.08031353192
594	0.08028815971
595	0.08028491265
596	0.08028056503
597	0.08027898941
598	0.08027400889
599	0.08027179753
600	0.08026006011
601	0.08024404914
602	0.08023354082
603	0.08022838267
604	0.08021788161
605	0.08021701457
606	0.08018829429
607	0.08018800183
608	0.08015883446
609	0.08012178418
610	0.08011659589
611	0.08010512077
612	0.08009919943
613	0.08008825034
614	0.08008043982
615	0.08006627539
616	0.08004512739
617	0.08004335967
618	0.08003134608
619	0.08002985397
620	0.08001155579
621	0.08000487061
622	0.07999176963
623	0.07997735357
624	0.0799766082
625	0.07997510264
626	0.07995756373
627	0.0798992306
628	0.0798585202
629	0.07985002633
630	0.07984951193
631	0.07984647403
632	0.07983936272
633	0.07983876475
634	0.07983043152
635	0.0798260669
636	0.07980446228
637	0.07980255778
638	0.07979324163
639	0.07978093891
640	0.07977977958
641	0.07977425947
642	0.07977403274
643	0.07974426546
644	0.07972764897
645	0.07968985449
646	0.07967689434
647	0.07967237631
648	0.07966756406
649	0.07966542824
650	0.07966524215
651	0.07965130471
652	0.07964728548
653	0.07964074966
654	0.07963520953
655	0.07962446611
656	0.07962117064
657	0.07961550454
658	0.07961060114
659	0.07958841608
660	0.07955638745
661	0.07954520433
662	0.07950309963
663	0.07949443699
664	0.07947025542
665	0.07939482108
666	0.07939395767
667	0.07938035995
668	0.07936980277
669	0.07935680128
670	0.07930187627
671	0.07929886926
672	0.07929631396
673	0.07922564909
674	0.07921197389
675	0.07920294683
676	0.07919534376
677	0.07919486087
678	0.07918677765
679	0.07918573461
680	0.07916212792
681	0.07914255594
682	0.07911836038
683	0.07910921201
684	0.07910534246
685	0.07910209055
686	0.07909783125
687	0.07908126439
688	0.07906013402
689	0.0790495103
690	0.07902653596
691	0.07902332127
692	0.07902288134
693	0.07902249337
694	0.07901728859
695	0.07897503195
696	0.07896068343
697	0.0789189113
698	0.07890483272
699	0.07889765166
700	0.07888670973
701	0.07888557522
702	0.07887965212
703	0.07887703614
704	0.0788764396
705	0.07887608073
706	0.07885922323
707	0.07883522305
708	0.07883379428
709	0.07883209602
710	0.07882726931
711	0.07880147728
712	0.078798333
713	0.07879813852
714	0.07879582713
715	0.07878068281
716	0.07876992763
717	0.07875681714
718	0.07874228201
719	0.07874153516
720	0.0787325231
721	0.07867832719
722	0.07866888442
723	0.07866075134
724	0.07865044361
725	0.07864637649
726	0.07864337932
727	0.07862493155
728	0.07859367279
729	0.07859290937
730	0.07857262714
731	0.0785707545
732	0.07856062899
733	0.07855962296
734	0.07855895102
735	0.07852521213
736	0.07851188958
737	0.07849742112
738	0.07849649252
739	0.07849625386
740	0.07849317895
741	0.0784434433
742	0.07843845572
743	0.0784373187
744	0.07842776988
745	0.07840925662
746	0.07840174685
747	0.07838673975
748	0.07837181071
749	0.07837006168
750	0.07836939027
751	0.07836539501
752	0.07836065162
753	0.07831561333
754	0.0782587297
755	0.07824966629
756	0.07822471187
757	0.0781623797
758	0.07814354066
759	0.07810896328
760	0.07810706895
761	0.07810104384
762	0.07803417949
763	0.07803083289
764	0.07802811314
765	0.0780269376
766	0.07802498271
767	0.07802353532
768	0.0780200785
769	0.07801681125
770	0.07801502808
771	0.07800844173
772	0.07798068284
773	0.07795955364
774	0.07795828009
775	0.07795782989
776	0.07795729912
777	0.0779509097
778	0.07794127805
779	0.07792171756
780	0.07791725702
781	0.07789203195
782	0.07787994224
783	0.07786614402
784	0.07786522542
785	0.0778647561
786	0.07786339063
787	0.07785753182
788	0.07785634959
789	0.07782767676
790	0.07782563715
791	0.07781855429
792	0.07780901051
793	0.07776232889
794	0.07775365791
795	0.07775330726
796	0.07775146235
797	0.07775103474
798	0.07770501584
799	0.07770459843
800	0.07770365874
801	0.07767968602
802	0.07767918307
803	0.07766618772
804	0.07766404672
805	0.07765419571
806	0.07764897676
807	0.07764803674
808	0.07764742939
809	0.07764281534
810	0.07759792182
811	0.0775899322
812	0.07757296915
813	0.07756037274
814	0.07754902218
815	0.07753588069
816	0.07752176239
817	0.07751718395
818	0.07751502729
819	0.07749127968
820	0.07746867548
821	0.07746201363
822	0.07743228414
823	0.07742352268
824	0.07742190376
825	0.07741745796
826	0.07739049791
827	0.07738553605
828	0.07737779026
829	0.07737179191
830	0.07736809281
831	0.07736449617
832	0.07734125285
833	0.07731977736
834	0.07731029062
835	0.0773084864
836	0.07729989801
837	0.07726410011
838	0.07726084844
839	0.07725170016
840	0.0772296321
841	0.07722255504
842	0.07719337164
843	0.07717212599
844	0.077163649
845	0.07715362272
846	0.07715273848
847	0.07714855194
848	0.07711406077
849	0.07711376799
850	0.07710875553
851	0.07710575616
852	0.07709406147
853	0.07706299553
854	0.07705710416
855	0.07705444043
856	0.0770396459
857	0.07703842546
858	0.07703305174
859	0.07700122529
860	0.0769956484
861	0.0769921549
862	0.07698158805
863	0.07697147582
864	0.07695272362
865	0.07695203471
866	0.07694829508
867	0.07694123269
868	0.07692349448
869	0.07690885121
870	0.0769085597
871	0.07688653057
872	0.07688391272
873	0.07686316762
874	0.07686288308
875	0.07684489207
876	0.07684429361
877	0.07684365634
878	0.07683689317
879	0.07683306413
880	0.07682605889
881	0.07681979361
882	0.07681624153
883	0.07681537323
884	0.07680824196
885	0.07680648908
886	0.07680258165
887	0.0767907319
888	0.07676386654
889	0.07674721589
890	0.07674654896
891	0.07673634752
892	0.07673221126
893	0.07673194758
894	0.07673072145
895	0.07672977347
896	0.07668689042
897	0.07667281069
898	0.07666200663
899	0.0766609985
900	0.07664358216
901	0.07664266133
902	0.0766343848
903	0.07662989811
904	0.07661927159
905	0.07660262553
906	0.07660211176
907	0.07660114203
908	0.07656894225
909	0.07655855306
910	0.07655563236
911	0.07655541407
912	0.07654169923
913	0.07651166103
914	0.07650933408
915	0.07649463228
916	0.07645119391
917	0.07644675077
918	0.07644492005
919	0.07644349569
920	0.07644264822
921	0.07644238069
922	0.07643051623
923	0.07643019593
924	0.07640575597
925	0.07639154072
926	0.07637863898
927	0.07637726199
928	0.07636855515
929	0.07635476097
930	0.07635049515
931	0.07634635979
932	0.07633392775
933	0.07633183667
934	0.07632962679
935	0.07632629426
936	0.07632166974
937	0.07632093003
938	0.07632006738
939	0.07631107159
940	0.07631059807
941	0.07630696869
942	0.07630539217
943	0.07630279488
944	0.07630183446
945	0.07629515127
946	0.07629464378
947	0.07627656874
948	0.07627641813
949	0.07627622729
950	0.07625780973
951	0.0762449178
952	0.07623892241
953	0.07623525481
954	0.07622758928
955	0.07619614412
956	0.07619562128
957	0.0761942682
958	0.07619040406
959	0.07619013042
960	0.07618603045
961	0.07618277597
962	0.07618008446
963	0.07615146849
964	0.07614632375
965	0.0761400099
966	0.07611808121
967	0.07611579021
968	0.07610926775
969	0.07610672265
970	0.07610563943
971	0.07610551937
972	0.07607579033
973	0.07607388537
974	0.07606843229
975	0.07602652655
976	0.07602509849
977	0.07600158953
978	0.07599389783
979	0.07598879297
980	0.07596915135
981	0.07596888966
982	0.075968225
983	0.07596426881
984	0.07596380361
985	0.07595747685
986	0.07595696432
987	0.07595295395
988	0.07594370234
989	0.07593553751
990	0.07593429219
991	0.07592741818
992	0.0759224606
993	0.07591979176
994	0.07590524616
995	0.07590509473
996	0.07590448225
997	0.07589856515
998	0.07589834268
999	0.07589779529
